General Information;;;General Information;;;;;;;Metal/Commodity 1;;;Metal/Commodity 2;;;Metal/Commodity 3;;;Metal/Commodity 4;;;Shareholder data;;;;;Sources;;;;;;;;;;;;;
ID;ID Name;Name_Mine;Status;Type  [OP/UG];Processing Method;Latitude;Longitude;Name_Mining Company;ROM [Mt/a];Metal/Commodity;Avg. grade; Production [t/a] ;Metal2;Avg. Grade2; Production [t/a]4 ;Metal_3;Avg. Grade3;Production [kg/a];Metal_4;Avg. Grade_Metal_4;Production [kg/a]2;Name_Main Shareholder_1;Name_Main Shareholder_2;Name_Main Shareholder_3;Name_Main Shareholder_4;Name_Main Shareholder_5;Source_URL_1;Source_URL_2;Source_URL_3;Source_URL_4;;;;;;;;;;
817;Mina Invierno;Mina Invierno;stopped due to environmental impacts;OP;N/A;52°52?35?S;71°38?28? W;Mina Invierno S.A.;6,0;Coal; N/A ; N/A ;-;-;-;-;-;-;-;-;-;Inversiones Ultraterra Limited(50%);Empresas Copec S.A. (50%);-;-;-;https://www.minainvierno.cl/en/about-us/;https://www.minainvierno.cl/en/operation-mina-invierno/;;;;;;;;;;;;
820;Minera Pecket;Minera Pecket;decomissioned (1977);OP;N/A;52°59?20?S;71°06?18? W;INGESUR;N/A;Coal; N/A ; N/A ;-;-;-;-;-;-;-;-;-;INGESUR;-;-;-;-;https://infofirma.sea.gob.cl/DocumentosSEA/MostrarDocumento?docId=06/3f/5b54c96293c3af84ec635586d048cc6344bd;https://www.alertaislariesco.cl/?page_id=1857;https://elpinguino.com/noticias/113368/Pecket-sigue-generando-inters-de-los-inversionistas;;;;;;;;;;;
821;Minera Pecket;Minera Pecket;decomissioned (1977);OP;N/A;52°59?20?S;71°06?18? W;INGESUR;N/A;Coal; N/A ; N/A ;-;-;-;-;-;-;-;-;-;INGESUR;-;-;-;-;https://infofirma.sea.gob.cl/DocumentosSEA/MostrarDocumento?docId=06/3f/5b54c96293c3af84ec635586d048cc6344bd;https://www.alertaislariesco.cl/?page_id=1857;https://elpinguino.com/noticias/113368/Pecket-sigue-generando-inters-de-los-inversionistas;;;;;;;;;;;
1418;Cerro Bayo;Cerro Bayo;operational;UG;Flotation;46°32?31?S;72°00?09? W;Compania Minera Cerro Bayo Ltda.;0,2;N/A;N/A;N/A;-;-;-;Au;N/A;N/A;Ag;N/A;22500 kg/a;Mandalay Resources Corp. (93,1%);Equus Mining (8,9%);-;-;-;https://miningdataonline.com/property/151/Cerro-Bayo-Mine.aspx;;;;;;;;;;;;;
1522;El Toqui;El Toqui;Care & Maintanance (bankruptcy since 2019);UG;Gravity separation, foltation;45°02?12?S;71°56?35? W;Laguna Gold Ltd.;0,5;Zn;6,03%; 28000 t/a ;Pb;0,23%;N/A;Au;0,78 ppm;N/A;Ag;15,3 ppm;N/A;N/A;-;-;-;-;https://miningdataonline.com/property/779/El-Toqui-Mine.aspx;;;;;;;;;;;;;
1523;El Toqui;El Toqui;Care & Maintanance (bankruptcy since 2019);UG;Gravity separation, foltation;45°02?12?S;71°56?35? W;Laguna Gold Ltd.;0,5;Zn;6,03%; 28000 t/a ;Pb;0,23%;N/A;Au;0,78 ppm;N/A;Ag;15,3 ppm;N/A;N/A;-;-;-;-;https://miningdataonline.com/property/779/El-Toqui-Mine.aspx;;;;;;;;;;;;;
1541;El Toqui;El Toqui;Care & Maintanance (bankruptcy since 2019);UG;Gravity separation, foltation;45°02?12?S;71°56?35? W;Laguna Gold Ltd.;0,5;Zn;6,03%; 28000 t/a ;Pb;0,23%;N/A;Au;0,78 ppm;N/A;Ag;15,3 ppm;N/A;N/A;-;-;-;-;https://miningdataonline.com/property/779/El-Toqui-Mine.aspx;;;;;;;;;;;;;
1544;El Toqui;El Toqui;Care & Maintanance (bankruptcy since 2019);UG;Gravity separation, foltation;45°02?12?S;71°56?35? W;Laguna Gold Ltd.;0,5;Zn;6,03%; 28000 t/a ;Pb;0,23%;N/A;Au;0,78 ppm;N/A;Ag;15,3 ppm;N/A;N/A;-;-;-;-;https://miningdataonline.com/property/779/El-Toqui-Mine.aspx;;;;;;;;;;;;;
1851;Chepica;Chepica;decomissioned (2016);UG;Flotation, gravity separation;35°22?31?S;71°51?15? W;Xtract Resources Plc; N/A ;Au;N/A;N/A;Cu; N/A ; N/A ;-;-;-;-;-;-;Xtract Resources PLC. (100%);-;-;-;-;https://xtractresources.com/wp-content/uploads/Strategic-Review-at-Chepica-Mine.pdf;https://sec.report/nsm/Xtract-Resources-P-L-C/data-migration/LSE20160831070010_012948323;;;;;;;;;;;;
1910;Tailings reprocessing plant of the El Teniente Division to obtain copper concentrate, belonging to Minera Valle Central;El Teniente;operational;UG;Flotation;34°05?11?S;70°27?21? W;Codelco Corp. (operator);52,0;Cu;0,84%; 432220 t/a ;Mo;N/A;N/A;Au;N/A;N/A;Ag;-;-;Codelco Corp. (100%);-;-;-;-;https://miningdataonline.com/property/160/El-Teniente-Mine.aspx;;;;;;;;;;;;;
1911;Tailings reprocessing plant of the El Teniente Division to obtain copper concentrate, belonging to Minera Valle Central;El Teniente;operational;UG;Flotation;34°05?11?S;70°27?21? W;Codelco Corp. (operator);52,0;Cu;0,84%; 432220 t/a ;Mo;N/A;N/A;Au;N/A;N/A;Ag;-;-;Codelco Corp. (100%);-;-;-;-;https://miningdataonline.com/property/160/El-Teniente-Mine.aspx;;;;;;;;;;;;;
1912;Tailings reprocessing plant of the El Teniente Division to obtain copper concentrate, belonging to Minera Valle Central;El Teniente;operational;UG;Flotation;34°05?11?S;70°27?21? W;Codelco Corp. (operator);52,0;Cu;0,84%; 432220 t/a ;Mo;N/A;N/A;Au;N/A;N/A;Ag;-;-;Codelco Corp. (100%);-;-;-;-;https://miningdataonline.com/property/160/El-Teniente-Mine.aspx;;;;;;;;;;;;;
1917;Mina Florida;Mina Florida;operational;UG;N/A;34°02?38?S;71°02?06? W;Minera Florida Ltda;0,3; N/A ; N/A ; N/A ;-;-;-;Au;N/A;2547 kg/a;-;-;-;Yamana Gold Inc. (100%);-;-;-;-;https://www.yamana.com/portfolio/producing-mines/minera-florida/default.aspx;https://s28.q4cdn.com/334653565/files/doc_financials/2020/Yamana-AR20_FINAL-for-web_210325.pdf;;;;;;;;;;;;
1918;Mina Florida;Mina Florida;operational;UG;N/A;34°02?38?S;71°02?06? W;Minera Florida Ltda;1,3; N/A ; N/A ; N/A ;-;-;-;Au;N/A;2548 kg/a;-;-;-;Yamana Gold Inc. (100%);-;-;-;-;https://www.yamana.com/portfolio/producing-mines/minera-florida/default.aspx;https://s28.q4cdn.com/334653565/files/doc_financials/2020/Yamana-AR20_FINAL-for-web_210325.pdf;;;;;;;;;;;;
1922;Tailings of El Teniente;El Teniente;operational;UG;Flotation;34°05?11?S;70°27?21? W;Codelco Corp. (operator);52,0;Cu;0,84%; 432220 t/a ;Mo;N/A;N/A;Au;N/A;N/A;Ag;-;-;Codelco Corp. (100%);-;-;-;-;https://miningdataonline.com/property/160/El-Teniente-Mine.aspx;;;;;;;;;;;;;
1923;Processing plant for obtaining copper concentrate, belonging to Codelco's El Teniente Division;El Teniente;operational;UG;Flotation;34°05?11?S;70°27?21? W;Codelco Corp. (operator);52,0;Cu;0,84%; 432220 t/a ;Mo;N/A;N/A;Au;N/A;N/A;Ag; N/A ; N/A ;Codelco Corp. (100%);-;-;-;-;https://miningdataonline.com/property/160/El-Teniente-Mine.aspx;;;;;;;;;;;;;
1925;Tailings reprocessing plant of the El Teniente Division to obtain copper concentrate, belonging to Minera Valle Central;El Teniente;operational;UG;Flotation;34°05?11?S;70°27?21? W;Codelco Corp. (operator);52,0;Cu;0,84%; 432220 t/a ;Mo;N/A;N/A;Au;N/A;N/A;Ag;-;-;Codelco Corp. (100%);-;-;-;-;https://miningdataonline.com/property/160/El-Teniente-Mine.aspx;;;;;;;;;;;;;
1927;Tailings reprocessing plant of the El Teniente Division to obtain copper concentrate, belonging to Minera Valle Central;El Teniente;operational;UG;Flotation;34°05?11?S;70°27?21? W;Codelco Corp. (operator);52,0;Cu;0,84%; 432220 t/a ;Mo;N/A;N/A;Au;N/A;N/A;Ag;-;-;Codelco Corp. (100%);-;-;-;-;https://miningdataonline.com/property/160/El-Teniente-Mine.aspx;;;;;;;;;;;;;
1928;El Teniente;El Teniente;operational;UG;Flotation;34°05?11?S;70°27?21? W;Codelco Corp. (operator);52,0;Cu;0,84%; 432220 t/a ;Mo;N/A;N/A;Au;N/A;N/A;Ag;N/A;N/A;Codelco Corp. (100%);-;-;-;-;https://miningdataonline.com/property/160/El-Teniente-Mine.aspx;;;;;;;;;;;;;
1959;El Teniente;El Teniente;operational;UG;Flotation;34°05?11?S;70°27?21? W;Codelco Corp. (operator);52,0;Cu;0,84%; 432220 t/a ;Mo;N/A;N/A;Au;N/A;N/A;Ag;N/A;N/A;Codelco Corp. (100%);-;-;-;-;https://miningdataonline.com/property/160/El-Teniente-Mine.aspx;;;;;;;;;;;;;
2007;Andina & Los Bronces together;Los Bronces;operational;OP;Flotation, heap leach, SX-EW;33° 8' 57'' S;70° 16' 51'' W;Anglo American Sur S.A. (Operator);50,0;Cu;0,53%; 324700 t/a ;Mo;140 ppm;N/A;-;-;-;-;-;-;Anglo American plc. (50,1%);Mitsui & Co, Ltd. (29,5%);Mitsubishi Materials Corp. (20,4%);-;-;https://miningdataonline.com/property/320/Los-Bronces-Mine.aspx;https://www.miningnewsfeed.com/reports/annual/AngloAmerican_AR_2018.pdf;https://minedocs.com/21/Los_Bronces-CP-2018.pdf;;;;;;;;;;;
2008;Los Bronces ;Los Bronces;operational;OP;Heap leach, SX-EW;33° 8' 57'' S;70° 16' 51'' W;Anglo American Sur S.A. (Operator);50,0;Cu;0,53%; 324700 t/a ;Mo;140 ppm;N/A;-;-;-;-;-;-;Anglo American plc. (50,1%);Mitsui & Co, Ltd. (29,5%);Mitsubishi Materials Corp. (20,4%);-;-;https://miningdataonline.com/property/320/Los-Bronces-Mine.aspx;https://www.miningnewsfeed.com/reports/annual/AngloAmerican_AR_2018.pdf;https://minedocs.com/21/Los_Bronces-CP-2018.pdf;;;;;;;;;;;
2012;Andina;Andina;operational;OP & UG;Flotation ;33.09°S;70.25°W;Codelco Corp. (operator);30,0;Cu;0,77%; 195531 t/a ;Mo; N/A ;3489 t/a;-;-;-;Ag; N/A ;143780 kg/a;Codelco Corp. (100%);-;-;-;-;https://www.codelco.com/memoria2018/site/docs/20190408/20190408190123/codelco_annual_report_2018.pdf;;;;;;;;;;;;;
2019;El Soldado;El Soldado;operational;OP;Flotation;32°39?16.8?S;71°08?24.8? W;Anglo American Sur S.A. (Operator);7,1;Cu;0,56%; 45800 t/a ;-;-;-;-;-;-;-; - ;-;Anglo American plc. (50,1%);Mitsui & Co, Ltd. (29,5%);Mitsubishi Materials Corp. (20,4%);-;-;https://miningdataonline.com/property/990/El-Soldado-Mine.aspx;;;;;;;;;;;;;
2020;Cerro Negro Norte;Cerro Negro Norte;operational;OP;Crushing & grinding plant, concentration plant;27° 06' 16'' S;70° 20' 05'' W;CAP S. A. (Operator);7,1;Fe;29,50%; 273000 t/a ;-;-;-;-; - ;-;-; - ;-;N/A;-;-;-;-;https://www.cmp.cl/capmineria/site/artic/20210405/asocfile/20210405103011/memoria_cmp_2020.pdf;;;;;;;;;;;;;
2021;Cerro Negro Norte;Cerro Negro Norte;operational;OP;Crushing & grinding plant, concentration plant;27° 06' 16'' S;70° 20' 05'' W;CAP S. A. (Operator);7,1;Fe;29,50%; 273000 t/a ;-;-;-;-; - ;-;-; - ;-;N/A;-;-;-;-;https://www.cmp.cl/capmineria/site/artic/20210405/asocfile/20210405103011/memoria_cmp_2020.pdf;;;;;;;;;;;;;
2036;El Bronce;El Bronce;care & maintanance (since 2015);UG; N/A ;32°13?31?S;70°57?56? W;Alxar Mineria; N/A ;Cu;N/A;N/A;-;-;-;Au;17.8 ppm;N/A;Ag;N/A;N/A;N/A;-;-;-;-;https://www.alxar.cl/_file/resumen-plan-de-cierre-temporal-parcial-el-bronce.pdf;https://thediggings.com/mines/usgs10105102;https://www.alxar.cl/que-hacemos/operaciones/el-bronce;https://www.miningweekly.com/print-version/el-bronce-petorca-chile-1999-07-23;;;;;;;;;;
2040;El Bronce;El Bronce;care & maintanance (since 2015);UG; N/A ;32°11?32?S;70°56?30? W;Alxar Mineria; N/A ;Cu;N/A;N/A;-;-;-;Au;17.8 ppm;N/A;Ag;N/A;N/A;N/A;-;-;-;-;https://www.alxar.cl/_file/resumen-plan-de-cierre-temporal-parcial-el-bronce.pdf;https://thediggings.com/mines/usgs10105102;https://www.alxar.cl/que-hacemos/operaciones/el-bronce;https://www.miningweekly.com/print-version/el-bronce-petorca-chile-1999-07-23;;;;;;;;;;
2058;Pimenton;Pimenton;operational;UG;Flotation;32°29?20?S;70°12?05? W;Cerro Grande Mining Corporation (operator);N/A;Cu;0,70%; 241.4 t/a ;N/A;N/A;2175 oz;Au;6.16 ppm;141 kg/a;Ag;6.21 ppm; N/A ;Cerro Grande Mining Corporation (100%);-;-;-;-;http://www.cegmining.com/sites/default/files/CEM_PIM_(final_Jul21)_Updated_Pimenton_Mine_Report_BB-JAM_July25-2016.pdf;http://www.cegmining.com/sites/default/files/2020/New_%20Release_September_14_2020.pdf;;;;;;;;;;;;
2076;Tres Valles;Tres Valles;operational;OP & UG;Heap leach, SX-EW;31°42?08?S;70°55?34? W;Minera Tres Valles;1,4;Cu;1,50%; 18500 t/a ;-;-;-;-;-;-;-;-;-;Vecchiola S. A (8,9%);Three Valley Copper Corp. (91,1 %);-;-;-;https://miningdataonline.com/property/3081/Tres-Valles-Mine.aspx#Processing;-;-;-;;;;;;;;;;
2077;Tres Valles;Tres Valles;operational;OP & UG;Heap leach, SX-EW;31°42?08?S;70°55?34? W;Minera Tres Valles;1,4;Cu;1,50%; 18501 t/a ;-;-;-;-;-;-;-;-;-;Vecchiola S. A (8,9%);Three Valley Copper Corp. (91,1 %);-;-;-;https://miningdataonline.com/property/3081/Tres-Valles-Mine.aspx#Processing;-;-;-;;;;;;;;;;
2078;Mine Los Pelambers;Los Pelambres;operational;OP;Flotation;31° 42' 50'' S;70° 29' 20'' W;Minera Los Pelambres S.A: (operator);55,0;Cu;0.7%; 359600 t/a ;Mo;210 ppm;10900;Au;0,05 ppm;1709,4762 kg/a;-; - ;-;Antofagasta PLC (60%);JX Nippon Mining & Metals Corp. (15,79%);Mitsubishi Materials Corp. (10%);Marubeni Corp. (9,21%);Mitsubishi Corp. (5%);https://miningdataonline.com/property/176/Los-Pelambres-Mine.aspx;https://www.mining-technology.com/projects/minera_los/;https://www.annualreports.com/HostedData/AnnualReports/PDF/LSE_ANTO_2020.pdf;;;;;;;;;;;
2080;Punitaqui;Punitaqui;operational;OP & UG;Flotation;30.86°S;71.23°W;Minera BMR SpA & Battery Mineral Resources Corp. (both operators);N/A;Cu;1,25%; 3100 t/a ;-;-;-;Au;0,07 ppm;113 kg/a;Ag; 5,64 ppm ;1219 kg/a;Xiana Mining Inc. (100%);-;-;-;-;https://miningdataonline.com/property/166/Punitaqui-Mine.aspx;;;;;;;;;;;;;
2082;Punitaqui;Punitaqui;operational;OP & UG;Flotation;30.86°S;71.23°W;Minera BMR SpA & Battery Mineral Resources Corp. (both operators);N/A;Cu;1,25%; 3100 t/a ;-;-;-;Au;0,07 ppm;113 kg/a;Ag; 5,64 ppm ;1219 kg/a;Xiana Mining Inc. (100%);-;-;-;-;https://miningdataonline.com/property/166/Punitaqui-Mine.aspx;;;;;;;;;;;;;
2086;Tres Valles;Tres Valles;operational;OP & UG;Heap leach, SX-EW;31°42?08?S;70°55?34? W;Minera Tres Valles;1,4;Cu;1,50%; 18502 t/a ;-;-;-;-;-;-;-;-;-;Vecchiola S. A (8,9%);Three Valley Copper Corp. (91,1 %);-;-;-;https://miningdataonline.com/property/3081/Tres-Valles-Mine.aspx#Processing;-;-;;;;;;;;;;;
2087;Tres Valles;Tres Valles;operational;OP & UG;Heap leach, SX-EW;31°42?08?S;70°55?34? W;Minera Tres Valles;1,4;Cu;1,50%; 18503 t/a ;-;-;-;-;-;-;-;-;-;Vecchiola S. A (8,9%);Three Valley Copper Corp. (91,1 %);-;-;-;https://miningdataonline.com/property/3081/Tres-Valles-Mine.aspx#Processing;-;-;;;;;;;;;;;
2088;Mine Los Pelambers;Los Pelambres;operational;OP;Flotation;31° 42' 50'' S;70° 29' 20'' W;Minera Los Pelambres S.A: (operator);56,0;Cu;0.7%; 359600 t/a ;Mo;211 ppm;10900;Au;0,05 ppm;1709,4762 kg/a;-; - ;-;Antofagasta PLC (60%);JX Nippon Mining & Metals Corp. (15,79%);Mitsubishi Materials Corp. (10%);Marubeni Corp. (9,21%);Mitsubishi Corp. (5%);https://miningdataonline.com/property/176/Los-Pelambres-Mine.aspx;https://www.mining-technology.com/projects/minera_los/;https://www.annualreports.com/HostedData/AnnualReports/PDF/LSE_ANTO_2020.pdf;;;;;;;;;;;
2089;Tres Valles;Tres Valles;operational;OP & UG;Heap leach, SX-EW;31°42?08?S;70°55?34? W;Minera Tres Valles;1,4;Cu;1,50%; 18504 t/a ;-;-;-;-;-;-;-;-;-;Vecchiola S. A (8,9%);Three Valley Copper Corp. (91,1 %);-;-;-;https://miningdataonline.com/property/3081/Tres-Valles-Mine.aspx#Processing;-;-;-;;;;;;;;;;
2091;Tres Valles;Tres Valles;operational;OP & UG;Heap leach, SX-EW;31°42?08?S;70°55?34? W;Minera Tres Valles;1,4;Cu;1,50%; 18505 t/a ;-;-;-;-;-;-;-;-;-;Vecchiola S. A (8,9%);Three Valley Copper Corp. (91,1 %);-;-;-;https://miningdataonline.com/property/3081/Tres-Valles-Mine.aspx#Processing;-;-;-;;;;;;;;;;
2108;Carmen de Andacollo;Carmen de Andacollo;operational;OP;Flotation, heap leach, SX-EW;30° 14' 29'' S;71° 6' 10'' W;Compañía Minera Teck Carmen de Andacollo S. A. (operator);27,0;Cu;0,36%; 58000 t/a ;-;-;-;Au; N/A ;1394,8 kg/a;-; - ;-;Teck Resources Ltd. (90%);Empresa Nacional de Minería (10%);-;-;-;https://miningdataonline.com/property/155/Carmen-de-Andacollo-Mine.aspx;https://www.teck.com/media/2020-Annual-Report.pdf;;-;;;;;;;;;;
2109;Carmen de Andacollo;Carmen de Andacollo;operational;OP;Flotation, heap leach, SX-EW;30° 14' 29'' S;71° 6' 10'' W;Compañía Minera Teck Carmen de Andacollo S. A. (operator);27,0;Cu;0,36%; 58000 t/a ;-;-;-;Au; N/A ;1394,8 kg/a;-; - ;-;Teck Resources Ltd. (90%);Empresa Nacional de Minería (10%);-;-;-;https://miningdataonline.com/property/155/Carmen-de-Andacollo-Mine.aspx;https://www.teck.com/media/2020-Annual-Report.pdf;;-;;;;;;;;;;
2111;Carmen de Andacollo;Carmen de Andacollo;operational;OP;Flotation, heap leach, SX-EW;30° 14' 29'' S;71° 6' 10'' W;Compañía Minera Teck Carmen de Andacollo S. A. (operator);27,0;Cu;0,36%; 58000 t/a ;-;-;-;Au; N/A ;1394,8 kg/a;-; - ;-;Teck Resources Ltd. (90%);Empresa Nacional de Minería (10%);-;-;-;https://miningdataonline.com/property/155/Carmen-de-Andacollo-Mine.aspx;https://www.teck.com/media/2020-Annual-Report.pdf;;;;;;;;;;;;
2112;Carmen de Andacollo;Carmen de Andacollo;operational;OP;Flotation, heap leach, SX-EW;30° 14' 29'' S;71° 6' 10'' W;Compañía Minera Teck Carmen de Andacollo S. A. (operator);27,0;Cu;0,36%; 58000 t/a ;-;-;-;Au; N/A ;1394,8 kg/a;-; - ;-;Teck Resources Ltd. (90%);Empresa Nacional de Minería (10%);-;-;-;https://miningdataonline.com/property/155/Carmen-de-Andacollo-Mine.aspx;https://www.teck.com/media/2020-Annual-Report.pdf;;;;;;;;;;;;
2113;Carmen de Andacollo;Carmen de Andacollo;operational;OP;Flotation, heap leach, SX-EW;30° 14' 29'' S;71° 6' 10'' W;Compañía Minera Teck Carmen de Andacollo S. A. (operator);27,0;Cu;0,36%; 5800 t/a0 ;-;-;-;Au; N/A ;1394,8 kg/a;-; - ;-;Teck Resources Ltd. (90%);Empresa Nacional de Minería (10%);-;-;-;https://miningdataonline.com/property/155/Carmen-de-Andacollo-Mine.aspx;https://www.teck.com/media/2020-Annual-Report.pdf;;;;;;;;;;;;
2118;El Panul - Landfill;El Panul - Landfill;landfill - no mining operation;-; N/A ;30°01?03?S;71°21?34? W;N/A; N/A ;-;N/A;N/A;-;-;-;-;-;-;-; - ;-;N/A;-;-;-;-;;;;;;;;;;;;;;
2130;Compañía Minera El Indio;Compañía Minera El Indio;decomissioned (2002);OP; N/A ;29°47?24?S;69°58?38? W;Barrick Gold; N/A ;Cu; N/A ; N/A ;-;-;-;Au;N/A;N/A;Ag; N/A ; N/A ;Barrick Gold (100%);;;;;https://www.fluor.com/projects/el-indio-mining-gold-silver-copper-epcm;;;;;;;;;;;;;
2132;El Romeral;El Romeral;operational;OP;Crushing & grinding plant, concentration plant;29.72°S;71.24°W;CAP S. A. (Operator);4,0;Fe;27,40%; 2800000 t/a ;-;-;-;-;-;-;-; - ;-;CAP (100%);-;-;-;-;https://www.cap.cl/cap/site/artic/20210401/asocfile/20210401160746/annual_operating_summary_cap_s_a__2020.pdf;https://www.barrick.com/Spanish/presencia/chile/default.aspx;https://www.youtube.com/watch?v=nL0SAlodEpY;https://www.antofagasta.co.uk/media/4049/aplc20q4prodreport-vf.pdf;;;;;;;;;;
2153;Miner el Algarrobo;Miner el Algarrobo;decomissioned in 1998;OP;N/A;28°48?40?S;70°59?23? W;Compañía Minera del Pacífico;N/A;Fe; N/A ; N/A ;-;-;-;-;-;-;-;-;-;CAP (100%);-;-;-;-;https://www.cmp.cl/capmineria/site/edic/base/port/operaciones.html;https://www.youtube.com/watch?v=6p_79ccl-w0;;;;;;;;;;;;
2164;not clearly identified - landfill or former expliration area;landfill or former exploration area;landfill - no mining operation;N/A;N/A;-;-;N/A;N/A; N/A ; N/A ; N/A ;-;-;-;-;-;-;-;-;-;N/A;-;-;-;-;-;-;-;-;;;;;;;;;;
2165;not clearly identified - landfill or former expliration area;landfill or former exploration area;landfill - no mining operation;N/A;N/A;-;-;N/A;N/A; N/A ; N/A ; N/A ;-;-;-;-;-;-;-;-;-;N/A;-;-;-;-;-;-;-;-;;;;;;;;;;
2168;Los Colorados;Los Colorados;operational;OP;Magnetic seperation;28.30°S;70.81°;CAP S. A. (Operator);10,3;Fe;34,20%; 7724000 t/a ;-; - ;-;-; - ;-; - ; - ;-;Invercap S. A. (31.3%);Mitsubishi Materials Corp. (19.3%);Free Float (49.1%);-;-;https://www.cap.cl/cap/site/artic/20210401/asocfile/20210401160746/annual_operating_summary_cap_s_a__2020.pdf;;;;;;;;;;;;;
2169;Los Colorados;Los Colorados;operational;OP;Magnetic seperation;28.30°S;70.81°;CAP S. A. (Operator);10,3;Fe;34,20%; 7724001 t/a ;-; - ;-;-; - ;-; - ; - ;-;Invercap S. A. (31.3%);Mitsubishi Materials Corp. (19.3%);Free Float (49.1%);-;-;https://www.cap.cl/cap/site/artic/20210401/asocfile/20210401160746/annual_operating_summary_cap_s_a__2020.pdf;;;;;;;;;;;;;
2171;Caserones;Caserones;operational;OP;Flotation, heap leach, SX-EW;28° 18' S;69° 53' W;Sociedad Contractual Minera Lumina Copper Chile (operator);N/A;Cu; N/A ; 148700 t/a ;Mo; N/A ;7393 t/a;Au; N/A ; N/A ;-; - ;-;JX Nippon Mining & Metals Corp. (100%);-;-;-;-;https://miningdataonline.com/property/1379/Caserones-Mine.aspx;;;;;;;;;;;;;
2173;Caserones;Caserones;operational;OP;Flotation, heap leach, SX-EW;28° 18' S;69° 53' W;Sociedad Contractual Minera Lumina Copper Chile (operator);N/A;Cu; N/A ; 148700 t/a ;Mo; N/A ;7394 t/a;Au; N/A ; N/A ;-; - ;-;JX Nippon Mining & Metals Corp. (100%);-;-;-;-;https://miningdataonline.com/property/1379/Caserones-Mine.aspx;;;;;;;;;;;;;
2175;not clearly identified - probably civil engineering contractor;landfill or former expliration area;landfill - no mining operation;N/A;N/A;28°35?57?S;70°46?09? W;N/A;N/A; N/A ; N/A ; N/A ;-;-;-;-;-;-;-;-;-;N/A;-;-;-;-;;;;;;;;;;;;;;
2179;Candelaria;Candelaria;operational;OP & UG;Flotation, Magenetic separation;27° 31' 35'' S;70° 17' 40'' W;Lundin Mining Corp.;30,0;Cu;0,54%; 126702 t/a ;-;-; - ;Au;0,13 ppm;2155 kg/a;Ag;  1,77 ppm  ;31184 kg/a;Lundin Mining Corp. (80%);Sumitomo Metal Mining Co., Ltd (16%);Sumitomo Corporation (4%);-;-;https://miningdataonline.com/property/1449/Candelaria-Complex.aspx;https://www.miningnewsfeed.com/reports/lundinmining_candelaria_TR_2018.pdf;https://www.lundinmining.com/site/assets/files/8302/lundin_mining_-_2020_annual_filings.pdf;;;;;;;;;;;
2184;Candelaria;Candelaria;operational;OP & UG;Flotation, Magenetic separation;27° 31' 35'' S;70° 17' 40'' W;Lundin Mining Corp.;30,0;Cu;0,54%; 126702 t/a ;-;-; - ;Au;0,13 ppm;2156 kg/a;Ag;  1,77 ppm  ;31185 kg/a;Lundin Mining Corp. (80%);Sumitomo Metal Mining Co., Ltd (16%);Sumitomo Corporation (4%);-;-;https://miningdataonline.com/property/1449/Candelaria-Complex.aspx;https://www.miningnewsfeed.com/reports/lundinmining_candelaria_TR_2018.pdf;https://www.lundinmining.com/site/assets/files/8302/lundin_mining_-_2020_annual_filings.pdf;;;;;;;;;;;
2185;Caserones;Caserones;operational;OP;Flotation, heap leach, SX-EW;28° 18' S;69° 53' W;Sociedad Contractual Minera Lumina Copper Chile (operator);N/A;Cu; N/A ; 148700 t/a ;Mo; N/A ;7395 t/a;Au; N/A ; N/A ;-; - ;-;JX Nippon Mining & Metals Corp. (100%);-;-;-;-;https://miningdataonline.com/property/1379/Caserones-Mine.aspx;;;;;;;;;;;;;
2186;Caserones;Caserones;operational;OP;Flotation, heap leach, SX-EW;28° 18' S;69° 53' W;Sociedad Contractual Minera Lumina Copper Chile (operator);N/A;Cu; N/A ; 148700 t/a ;Mo; N/A ;7396 t/a;Au; N/A ; N/A ;-; - ;-;JX Nippon Mining & Metals Corp. (100%);-;-;-;-;https://miningdataonline.com/property/1379/Caserones-Mine.aspx;;;;;;;;;;;;;
2187;Caserones;Caserones;operational;OP;Flotation, heap leach, SX-EW;28° 18' S;69° 53' W;Sociedad Contractual Minera Lumina Copper Chile (operator);N/A;Cu; N/A ; 148700 t/a ;Mo; N/A ;7397 t/a;Au; N/A ; N/A ;-; - ;-;JX Nippon Mining & Metals Corp. (100%);-;-;-;-;https://miningdataonline.com/property/1379/Caserones-Mine.aspx;;;;;;;;;;;;;
2193;San Jose, Processing plant to obtain copper concentrate, belonging to Sociedad Punta del Cobre;N/A;N/A;N/A;N/A;27° 28' 31'' S;70° 15' 35'' W;N/A;N/A;Cu; N/A ; N/A ;-;-;-;-;-;-;-;-;-;N/A;-;-;-;-;;;;;;;;;;;;;;
2194;Candelaria;Candelaria;operational;OP & UG;Flotation, Magenetic separation;27° 31' 35'' S;70° 17' 40'' W;Lundin Mining Corp.;30,0;Cu;0,54%; 126702 t/a ;-;-;-;Au;0,13 ppm;2157 kg/a;Ag; 1,77 ppm ;31186 kg/a;Lundin Mining Corp. (80%);Sumitomo Metal Mining Co., Ltd (16%);Sumitomo Corporation (4%);-;-;https://miningdataonline.com/property/1449/Candelaria-Complex.aspx;https://www.miningnewsfeed.com/reports/lundinmining_candelaria_TR_2018.pdf;https://www.lundinmining.com/site/assets/files/8302/lundin_mining_-_2020_annual_filings.pdf;;;;;;;;;;;
2195;Candelaria;Candelaria;operational;OP & UG;Flotation, Magenetic separation;27° 31' 35'' S;70° 17' 40'' W;Lundin Mining Corp.;30,0;Cu;0,54%; 126702 t/a ;-;-;-;Au;0,13 ppm;2158 kg/a;Ag; 1,77 ppm ;31187 kg/a;Lundin Mining Corp. (80%);Sumitomo Metal Mining Co., Ltd (16%);Sumitomo Corporation (4%);-;-;https://miningdataonline.com/property/1449/Candelaria-Complex.aspx;https://www.miningnewsfeed.com/reports/lundinmining_candelaria_TR_2018.pdf;https://www.lundinmining.com/site/assets/files/8302/lundin_mining_-_2020_annual_filings.pdf;;;;;;;;;;;
2196;Candelaria;Candelaria;operational;OP & UG;Flotation, Magenetic separation;27° 31' 35'' S;70° 17' 40'' W;Lundin Mining Corp.;30,0;Cu;0,54%; 126702 t/a ;-;-;-;Au;0,13 ppm;2159 kg/a;Ag; 1,77 ppm ;31188 kg/a;Lundin Mining Corp. (80%);Sumitomo Metal Mining Co., Ltd (16%);Sumitomo Corporation (4%);-;-;https://miningdataonline.com/property/1449/Candelaria-Complex.aspx;https://www.miningnewsfeed.com/reports/lundinmining_candelaria_TR_2018.pdf;https://www.lundinmining.com/site/assets/files/8302/lundin_mining_-_2020_annual_filings.pdf;;;;;;;;;;;
2197;Candelaria;Candelaria;operational;OP & UG;Flotation, Magenetic separation;27° 31' 35'' S;70° 17' 40'' W;Lundin Mining Corp.;30,0;Cu;0,54%; 126702 t/a ;-;-;-;Au;0,13 ppm;2160 kg/a;Ag; 1,77 ppm ;31189 kg/a;Lundin Mining Corp. (80%);Sumitomo Metal Mining Co., Ltd (16%);Sumitomo Corporation (4%);-;-;https://miningdataonline.com/property/1449/Candelaria-Complex.aspx;https://www.miningnewsfeed.com/reports/lundinmining_candelaria_TR_2018.pdf;https://www.lundinmining.com/site/assets/files/8302/lundin_mining_-_2020_annual_filings.pdf;;;;;;;;;;;
2198;Pedro Aguirre Cerda, Processing plant to produce copper concentrate, belonging to CCM Ojos del Salado de Lunding;N/A;N/A;N/A;N/A;27° 29' 59'' S;70° 15' 20'' W;N/A;N/A;Cu;N/A; N/A ;-;-;-;-;-;-;-;-;-;N/A;-;-;-;-;;;;;;;;;;;;;;
2199;San Jose, Processing plant to obtain copper concentrate, belonging to Sociedad Punta del Cobre;N/A;N/A;N/A;N/A;27° 29' 00'' S;70° 17' 09'' W;N/A;N/A;Cu; N/A ; N/A ;-;-;-;-;-;-;-;-;-;N/A;-;-;-;-;;;;;;;;;;;;;;
2200;Adrianita;Adrianita;decomissioned before 1985;OP; N/A ;27° 10' 25'' S;70° 22' 50'' W;-; N/A ;Fe;N/A;N/A;-;-;-;-;-;-;-;-;-;N/A;-;-;-;-;https://maps.mineriaabierta.cl/mapa;https://www.mch.cl/2009/03/20/minera-santa-fe-procesara-desmontes-de-hierro-en-mina-adrianitas-en-copiapo/;http://www.colegiodegeologos.cl/Noticias23.html;;;;;;;;;;;
2201;Cerro Negro Norte;Cerro Negro Norte;operational;OP;Crushing & grinding plant, concentration plant;27° 06' 16'' S;70° 20' 05'' W;CAP S. A. (Operator);7,1;Fe;29,50%; 273000 t/a ;-;-;-;-; - ;-;-; - ;-;CAP (100%);-;-;-;-;https://www.cmp.cl/capmineria/site/artic/20210405/asocfile/20210405103011/memoria_cmp_2020.pdf;;;;;;;;;;;;;
2202;Cerro Negro Norte;Cerro Negro Norte;operational;OP;Crushing & grinding plant, concentration plant;27° 06' 16'' S;70° 20' 05'' W;CAP S. A. (Operator);7,1;Fe;29,50%; 273000 t/a ;-;-;-;-; - ;-;-; - ;-;CAP (100%);-;-;-;-;https://www.cmp.cl/capmineria/site/artic/20210405/asocfile/20210405103011/memoria_cmp_2020.pdf;;;;;;;;;;;;;
2203;Cerro Negro Norte;Cerro Negro Norte;operational;OP;Crushing & grinding plant, concentration plant;27° 06' 16'' S;70° 20' 05'' W;CAP S. A. (Operator);7,1;Fe;29,50%; 273000 t/a ;-;-;-;-; - ;-;-; - ;-;CAP (100%);-;-;-;-;https://www.cmp.cl/capmineria/site/artic/20210405/asocfile/20210405103011/memoria_cmp_2020.pdf;;;;;;;;;;;;;
2208;Cerro Negro Norte;Cerro Negro Norte;operational;OP;Crushing & grinding plant, concentration plant;27° 06' 16'' S;70° 20' 05'' W;CAP S. A. (Operator);7,1;Fe;29,50%; 273000 t/a ;-;-;-;-; - ;-;-; - ;-;CAP (100%);-;-;-;-;https://www.cmp.cl/capmineria/site/artic/20210405/asocfile/20210405103011/memoria_cmp_2020.pdf;;;;;;;;;;;;;
2209;Cerro Negro Norte;Cerro Negro Norte;operational;OP;Crushing & grinding plant, concentration plant;27° 06' 16'' S;70° 20' 05'' W;CAP S. A. (Operator);7,1;Fe;29,50%; 273000 t/a ;-;-;-;-; - ;-;-; - ;-;CAP (100%);-;-;-;-;https://www.cmp.cl/capmineria/site/artic/20210405/asocfile/20210405103011/memoria_cmp_2020.pdf;;;;;;;;;;;;;
2214;La Coipa;La Coipa;Waiting for project restart;OP;agitated tank leaching, carbon in leach, merril-crowe, cyanide (reagent);26° 49' 17'' S;69° 16' 00'' W;Compania Minera Mantos de Oro; N/A ;N/A;N/A;N/A;-; - ;-;Au;N/A;N/A;Ag;N/A;N/A;Kinnros Gold Corp. (100%);-;-;-;-;https://miningdataonline.com/property/3062/La-Coipa-Mine.aspx;;;;;;;;;;;;;
2217;La Coipa;La Coipa;Waiting for project restart;OP;agitated tank leaching, carbon in leach, merril-crowe, cyanide (reagent);26° 49' 17'' S;69° 16' 00'' W;Compania Minera Mantos de Oro; N/A ;N/A;N/A;N/A;-; - ;-;Au;N/A;N/A;Ag;N/A;N/A;Kinnros Gold Corp. (100%);-;-;-;-;https://miningdataonline.com/property/3062/La-Coipa-Mine.aspx;;;;;;;;;;;;;
2218;Mantoverda;Mantoverda;N/A;OP; N/A ;26° 33' 38'' S;70° 19' 27'' W;Mantoverda S. A.;N/A;Cu;0,50%; N/A ;-;-;-;-;-;-;-;-;-;Mantos Copper Holding SpA (70%);Mitsubishi Materials Corp. (30%);-;-;-;https://miningdataonline.com/property/373/Sweetwater-Mine.aspx;;;;;;;;;;;;;
2219;La Coipa;La Coipa;Waiting for project restart;OP;agitated tank leaching, carbon in leach, merril-crowe, cyanide (reagent);26° 49' 17'' S;69° 16' 00'' W;Compania Minera Mantos de Oro; N/A ;N/A;N/A;N/A;-; - ;-;Au;N/A;N/A;Ag;N/A;N/A;Kinnros Gold Corp. (100%);-;-;-;-;https://miningdataonline.com/property/3062/La-Coipa-Mine.aspx;;;;;;;;;;;;;
2221;Mantoverda;Mantoverda;N/A;OP; N/A ;26° 33' 38'' S;70° 19' 27'' W;Mantoverda S. A.;N/A;Cu;0,50%; N/A ;-;-;-;-;-;-;-;-;-;Mantos Copper Holding SpA (70%);Mitsubishi Materials Corp. (30%);-;-;-;https://miningdataonline.com/property/373/Sweetwater-Mine.aspx;;;;;;;;;;;;;
2227;Refugio;Refugio ;Reclamation;OP;Heap leach, carbon adsorption-desorption-recovery (ADR), SX-EW;27° 33' 05'' S;69° 17' 49'' W;Compania Minera Maricunga S. A.;6,5; N/A ; N/A ; N/A ;-;-;-;Au;0,67 ppm;4976 kg/a;-;-;-;Kinnros Gold Corp. (100%);-;-;-;-;https://miningdataonline.com/property/135/Maricunga-Refugio-Mine.aspx;;;;;;;;;;;;;
2228;Refugio;Refugio;Reclamation;OP;Heap leach, carbon adsorption-desorption-recovery (ADR), SX-EW;27° 33' 05'' S;69° 17' 49'' W;Compania Minera Maricunga S. A.;7,5; N/A ; N/A ; N/A ;-;-;-;Au;0,67 ppm;4977 kg/a;-;-;-;Kinnros Gold Corp. (100%);-;-;-;-;https://miningdataonline.com/property/135/Maricunga-Refugio-Mine.aspx;;;;;;;;;;;;;
2229;Refugio;Refugio;Reclamation;OP;Heap leach, carbon adsorption-desorption-recovery (ADR), SX-EW;27° 33' 05'' S;69° 17' 49'' W;Compania Minera Maricunga S. A.;8,5; N/A ; N/A ; N/A ;-;-;-;Au;0,67 ppm;4978 kg/a;-;-;-;Kinnros Gold Corp. (100%);-;-;-;-;https://miningdataonline.com/property/135/Maricunga-Refugio-Mine.aspx;;;;;;;;;;;;;
2238;Candelaria & Concentration plant belonging to Compañía Minera del Pacífico, to obtain iron concentrate from the tailings of the Candelaria Plant;Candelaria;operational;OP & UG;Flotation, Magenetic separation;27° 31' 35'' S;70° 17' 40'' W;Lundin Mining Corp.;30,0;Cu;0,54%; 126703 t/a ;-;-;-;Au;0,13 ppm;2161 kg/a;Ag; 1,77 ppm ;31190 kg/a;Lundin Mining Corp. (80%);Sumitomo Metal Mining Co., Ltd (16%);Sumitomo Corporation (4%);-;-;https://miningdataonline.com/property/1449/Candelaria-Complex.aspx;https://www.miningnewsfeed.com/reports/lundinmining_candelaria_TR_2018.pdf;https://www.lundinmining.com/site/assets/files/8302/lundin_mining_-_2020_annual_filings.pdf;;;;;;;;;;;
2243;Salvador;Salvador;operational;OP & UG;Pyrometallurgical plant, smelting, flotation;26.14°S;69.32°W;Codelco Corp. (opeator);15,0;Cu;0,60%; 60840 t/a ;Mo; N/A ;993;Au; N/A ;354 kg/a;Ag; N/A ;35497 kg/a;Codelco Corp. (100%);-;-;-;-;https://miningdataonline.com/property/993/Salvador-Mine.aspx;https://www.miningnewsfeed.com/reports/annual/codelco_annual_report_2018.pdf;;;;;;;;;;;;
2248;Salvador;Salvador;operational;OP & UG;Pyrometallurgical plant, smelting, flotation;26.14°S;69.32°W;Codelco Corp. (opeator);15,0;Cu;0,60%; 60841 t/a ;Mo; N/A ;993;Au; N/A ;355 kg/a;Ag; N/A ;35498 kg/a;Codelco Corp. (100%);-;-;-;-;https://miningdataonline.com/property/993/Salvador-Mine.aspx;https://www.miningnewsfeed.com/reports/annual/codelco_annual_report_2018.pdf;;;;;;;;;;;;
2249;Salvador;Salvador;operational;OP & UG;Pyrometallurgical plant, smelting, flotation;26.14°S;69.32°W;Codelco Corp. (opeator);15,0;Cu;0,60%; 60842 t/a ;Mo; N/A ;993;Au; N/A ;356 kg/a;Ag; N/A ;35499 kg/a;Codelco Corp. (100%);-;-;-;-;https://miningdataonline.com/property/993/Salvador-Mine.aspx;https://www.miningnewsfeed.com/reports/annual/codelco_annual_report_2018.pdf;;;;;;;;;;;;
2250;Salvador;Salvador;operational;OP & UG;Pyrometallurgical plant, smelting, flotation;26.14°S;69.32°W;Codelco Corp. (opeator);15,0;Cu;0,60%; 60843 t/a ;Mo; N/A ;993;Au; N/A ;357 kg/a;Ag; N/A ;35500 kg/a;Codelco Corp. (100%);-;-;-;-;https://miningdataonline.com/property/993/Salvador-Mine.aspx;https://www.miningnewsfeed.com/reports/annual/codelco_annual_report_2018.pdf;;;;;;;;;;;;
2251;Salvador;Salvador;operational;OP & UG;Pyrometallurgical plant, smelting, flotation;26.14°S;69.32°W;Codelco Corp. (opeator);15,0;Cu;0,60%; 60844 t/a ;Mo; N/A ;993;Au; N/A ;358 kg/a;Ag; N/A ;35501 kg/a;Codelco Corp. (100%);-;-;-;-;https://miningdataonline.com/property/993/Salvador-Mine.aspx;https://www.miningnewsfeed.com/reports/annual/codelco_annual_report_2018.pdf;;;;;;;;;;;;
2254;Francke;Francke;operational;OP;Flotation, heap leach, SX-EW;25° 84' S;69° 86' W;Sociedad Contractual Minera Lumina Copper Chile (operator);N/A;Cu;0,82%; 12500 t/a ;-; - ;-;-; - ;-;-; - ;-;JX Nippon Mining & Metals Corp. (100%);-;-;-;-;https://miningdataonline.com/property/172/Franke-Mine.aspx;https://www.miningnewsfeed.com/reports/annual/KGHMPolskaMiedz_AR_2018.pdf;https://kghm.com/en/investors/results-center/integrated-reports;;;;;;;;;;;
2255;Francke;Francke;operational;OP;Flotation, heap leach, SX-EW;25° 84' S;69° 86' W;Sociedad Contractual Minera Lumina Copper Chile (operator);N/A;Cu;0,82%; 12500 t/a ;-; - ;-;-; - ;-;-; - ;-;JX Nippon Mining & Metals Corp. (100%);-;-;-;-;https://miningdataonline.com/property/172/Franke-Mine.aspx;https://www.miningnewsfeed.com/reports/annual/KGHMPolskaMiedz_AR_2018.pdf;https://kghm.com/en/investors/results-center/integrated-reports;;;;;;;;;;;
2256;Francke;Francke;operational;OP;Flotation, heap leach, SX-EW;25° 84' S;69° 86' W;Sociedad Contractual Minera Lumina Copper Chile (operator);N/A;Cu;0,82%; 12500 t/a ;-; - ;-;-; - ;-;-; - ;-;JX Nippon Mining & Metals Corp. (100%);-;-;-;-;https://miningdataonline.com/property/172/Franke-Mine.aspx;https://www.miningnewsfeed.com/reports/annual/KGHMPolskaMiedz_AR_2018.pdf;https://kghm.com/en/investors/results-center/integrated-reports;;;;;;;;;;;
2257;Francke;Francke;operational;OP;Flotation, heap leach, SX-EW;25° 84' S;69° 86' W;Sociedad Contractual Minera Lumina Copper Chile (operator);N/A;Cu;0,82%; 12501 t/a ;-; - ;-;-; - ;-;-; - ;-;JX Nippon Mining & Metals Corp. (100%);-;-;-;-;https://miningdataonline.com/property/172/Franke-Mine.aspx;https://www.miningnewsfeed.com/reports/annual/KGHMPolskaMiedz_AR_2018.pdf;https://kghm.com/en/investors/results-center/integrated-reports;;;;;;;;;;;
2262;Francke;Francke;operational;OP;Flotation, heap leach, SX-EW;25° 84' S;69° 86' W;Sociedad Contractual Minera Lumina Copper Chile (operator);N/A;Cu;0,82%; 12502 t/a ;-; - ;-;-; - ;-;-; - ;-;JX Nippon Mining & Metals Corp. (100%);-;-;-;-;https://miningdataonline.com/property/172/Franke-Mine.aspx;https://www.miningnewsfeed.com/reports/annual/KGHMPolskaMiedz_AR_2018.pdf;https://kghm.com/en/investors/results-center/integrated-reports;;;;;;;;;;;
2263;Francke;Francke;operational;OP;Flotation, heap leach, SX-EW;25° 84' S;69° 86' W;Sociedad Contractual Minera Lumina Copper Chile (operator);N/A;Cu;0,82%; 12503 t/a ;-; - ;-;-; - ;-;-; - ;-;JX Nippon Mining & Metals Corp. (100%);-;-;-;-;https://miningdataonline.com/property/172/Franke-Mine.aspx;https://www.miningnewsfeed.com/reports/annual/KGHMPolskaMiedz_AR_2018.pdf;https://kghm.com/en/investors/results-center/integrated-reports;;;;;;;;;;;
2291;Francke;Francke;operational;OP;Flotation, heap leach, SX-EW;25° 84' S;69° 86' W;Sociedad Contractual Minera Lumina Copper Chile (operator);N/A;Cu;0,82%; 12504 t/a ;-; - ;-;-; - ;-;-; - ;-;JX Nippon Mining & Metals Corp. (100%);-;-;-;-;https://miningdataonline.com/property/172/Franke-Mine.aspx;https://www.miningnewsfeed.com/reports/annual/KGHMPolskaMiedz_AR_2018.pdf;https://kghm.com/en/investors/results-center/integrated-reports;;;;;;;;;;;
2292;Las Luces;Las Luces;operational;UG;Flotation;25° 40' 00'' S;70° 35' 16'' W; N/A ;0,5;Cu;N/A; 60000 t/a ;-; - ;-;-; - ;-;-; - ;-;Minera Las Cenizas S.A. (100%);-;-;-;-;https://www.cenizas.cl/faena-taltal;;;;;;;;;;;;;
2293;Las Luces;Las Luces;operational;UG;Flotation;25° 40' 00'' S;70° 35' 16'' W; N/A ;1,5;Cu;N/A; 60001 t/a ;-; - ;-;-; - ;-;-; - ;-;Minera Las Cenizas S.A. (100%);-;-;-;-;https://www.cenizas.cl/faena-taltal;;;;;;;;;;;;;
2297;Monte Cristo Copper Mine;Monte Cristo Copper Mine;decomissioned in 2005;UG;N/A;24° 58' 32'' S;70° 23' 49'' W;N/A;N/A;Cu; N/A ; N/A ;-;-;-;-;-;-;-;-;-;N/A;-;-;-;-;https://thediggings.com/mines/usgs10058443;https://www.guiaminera.cl/compania-minera-nova-ventura/;;;;;;;;;;;;
2299;Guanaco;Guanaco-Amancaya Complex;exploration;-;Heap leach, SX-EW;25° 06' 25'' S;69° 32' 02'' W;Guanaco Compania Minera Ltda.;0,5;N/A;N/A;N/A;-; - ; - ;Au;3,96 ppm;1737 (equivalent);Ag;8,44 ppm ;N/A;Austral Gold Inc. (100%);-;-;-;-;https://miningdataonline.com/property/3082/Guanaco-Amancaya-Complex.aspx;;;;;;;;;;;;;
2354;Guanaco;Guanaco-Amancaya Complex;exploration;-;Heap leach, SX-EW;25° 06' 25'' S;69° 32' 02'' W;Guanaco Compania Minera Ltda.;1,5;N/A;N/A;N/A;-; - ; - ;Au;3,96 ppm;1737 (equivalent);Ag;8,44 ppm ;N/A;Austral Gold Inc. (100%);-;-;-;-;https://miningdataonline.com/property/3082/Guanaco-Amancaya-Complex.aspx;;;;;;;;;;;;;
2355;Mina Poterillos;Mina Poterillos;decomissioned in 1959;UG;N/A;26° 30' 09'' S;69° 23' 50'' W;Andes copper mining company;N/A;Cu; N/A ; N/A ;-;-;-;-;-;-;-;-;-;N/A;-;-;-;-;https://www.britannica.com/place/Potrerillos;;;;;;;;;;;;;
2356;Mina Poterillos;Mina Poterillos;decomissioned in 1959;UG;N/A;26° 29' 31'' S;69° 25' 20'' W;Andes copper mining company;N/A;Cu; N/A ; N/A ;-;-;-;-;-;-;-;-;-;N/A;-;-;-;-;https://www.britannica.com/place/Potrerillos;;;;;;;;;;;;;
2359;El Romeral;El Romeral;operational;OP;Crushing & grinding plant, concentration plant;29.72°S;71.24°W;CAP S. A. (Operator);4,0;Fe;27,40%; 2800000 t/a ;-;-;-;-;-;-;-; - ;-;CAP (100%);-;-;-;-;https://www.cap.cl/cap/site/artic/20210401/asocfile/20210401160746/annual_operating_summary_cap_s_a__2020.pdf;;;https://www.antofagasta.co.uk/media/4049/aplc20q4prodreport-vf.pdf;;;;;;;;;;
2365;El Penon;El Penon;operational;OP & UG;Calcining, smelting, filter press plant, VAT leaching;24° 25' 25'' S;69° 35' 10'' W;Minera El Penon;1,0;N/A;N/A;N/A;-;-;-;Au;5,05 ppm;4564;Ag;148,34 ppm;N/A;Yamana Gold Inc. (100%);-;-;-;-;https://miningdataonline.com/property/1530/El-Penon-Mine.aspx;;;;;;;;;;;;;
2479;Mantos Belancos;Mantos Belancos;operational;OP;Heap leach, SX-EW;23.44°S;70.07°W;Minera Mantos Blancos S.A.;N/A;Cu; N/A ; N/A ;-; - ;-;-; - ;-;-; - ;-;Mantos Copper Holding SpA (100%);-;-;-;-;;;;;;;;;;;;;;
2480;Mantos Belancos;Mantos Belancos;operational;OP;Heap leach, SX-EW;23.44°S;70.07°W;Minera Mantos Blancos S.A.;N/A;Cu; N/A ; N/A ;-; - ;-;-; - ;-;-; - ;-;Mantos Copper Holding SpA (100%);-;-;-;-;;;;;;;;;;;;;;
2481;Lomas Bayas;Lomas Bayas;operational;OP;Heap leach, SX-EW;23.27°S;69.32°W;Compania Minera Lomas Bayas;70,0;Cu;0,30%; 73000 t/a ;-; - ;-;-; - ;-;-; - ;-;Glencore plc (100%);-;-;-;-;https://miningdataonline.com/property/140/Lomas-Bayas-Mine.aspx;;;;;;;;;;;;;
2496;Gabriela Mistral;Gabriela Mistral;operational;OP;Flotation, heap leach, SX-EW;23.42°S;68.81°W;Codelco Corp. (operator);40,0;Cu;0,35%; 107.247 ;-;-;-;-;-;-;-; - ;-;Codelco Corp. (100%);-;-;-;-;https://www.codelco.com/memoria2018/site/docs/20190408/20190408190123/codelco_annual_report_2018.pdf;;;;;;;;;;;;;
2503;Mantos Belancos;Mantos Belancos;operational;OP;Heap leach, SX-EW;23.44°S;70.07°W;Minera Mantos Blancos S.A.;N/A;Cu; N/A ; N/A ;-; - ;-;-; - ;-;-; - ;-;Mantos Copper Holding SpA (100%);-;-;-;-;;;;;;;;;;;;;;
2504;Mantos Belancos;Mantos Belancos;operational;OP;Heap leach, SX-EW;23.44°S;70.07°W;Minera Mantos Blancos S.A.;N/A;Cu; N/A ; N/A ;-; - ;-;-; - ;-;-; - ;-;Mantos Copper Holding SpA (100%);-;-;-;-;;;;;;;;;;;;;;
2505;Lomas Bayas;Lomas Bayas;operational;OP;Heap leach, SX-EW;23.27°S;69.32°W;Compania Minera Lomas Bayas;70,0;Cu;0,30%; 73000 t/a ;-; - ;-;-; - ;-;-; - ;-;Glencore plc (100%);-;-;-;-;https://miningdataonline.com/property/140/Lomas-Bayas-Mine.aspx;;;;;;;;;;;;;
2510;Centinela;Centinela;operational;OP;Flotation, heap leach, SX-EW;23.01°S;69.10°W;Minera Centinela S.A (Operator);45,0;Cu;0,53%%; 246800 t/a ;Mo;120;1700t/a;Au; 0,19 ppm ;4073,826 kg/a;-; - ;-;Antofagasta PLC (70%);Marubeni Corp. (30%);-;-;-;https://miningdataonline.com/property/1380/Centinela-Esperanza,-El-Tesoro-Mine.aspx;;;;;;;;;;;;;
2513;Centinela;Centinela;operational;OP;Flotation, heap leach, SX-EW;23.01°S;69.10°W;Minera Centinela S.A (Operator);45,0;Cu;0,53%%; 246800 t/a ;Mo;120;1700t/a;Au; 0,19 ppm ;4073,826 kg/a;-; - ;-;Antofagasta PLC (70%);Marubeni Corp. (30%);-;-;-;https://miningdataonline.com/property/1380/Centinela-Esperanza,-El-Tesoro-Mine.aspx;https://www.annualreports.com/HostedData/AnnualReports/PDF/LSE_ANTO_2020.pdf;https://www.antofagasta.co.uk/media/4049/aplc20q4prodreport-vf.pdf;;;;;;;;;;;
2524;Sierra Gorda;Sierra Gorda;operational;OP;Flotation;22° 85' S;69° 34' W;Sierra Gorda S.C.M (operator);35,0;Cu;0,35%; 81800 t/a ;Mo;210 ppm;4082;Au;0,059 ppm;N/A;Ag; N/A ;27600 kg/a;KGHM Polska Miedz S.A. (55%);Sumitomo Metal Mining Co., Ltd (31,5%);Sumitomo Corporation (13,5%);-;-;https://miningdataonline.com/property/170/Sierra-Gorda-Mine.aspx;https://www.annualreports.com/HostedData/AnnualReports/PDF/LSE_ANTO_2020.pdf;https://www.antofagasta.co.uk/media/4049/aplc20q4prodreport-vf.pdf;;;;;;;;;;;
2525;Sierra Gorda;Sierra Gorda;operational;OP;Flotation;22° 85' S;69° 34' W;Sierra Gorda S.C.M (operator);35,0;Cu;0,35%; 81800 t/a ;Mo;211 ppm;4082;Au;0,059 ppm;N/A;Ag; N/A ;27601 kg/a;KGHM Polska Miedz S.A. (55%);Sumitomo Metal Mining Co., Ltd (31,5%);Sumitomo Corporation (13,5%);-;-;https://miningdataonline.com/property/170/Sierra-Gorda-Mine.aspx;https://www.miningnewsfeed.com/reports/annual/KGHMPolskaMiedz_AR_2018.pdf;https://kghm.com/en/investors/results-center/integrated-reports;;;;;;;;;;;
2526;Sierra Gorda;Sierra Gorda;operational;OP;Flotation;22° 85' S;69° 34' W;Sierra Gorda S.C.M (operator);35,0;Cu;0,35%; 81800 t/a ;Mo;212 ppm;4082;Au;0,059 ppm;N/A;Ag; N/A ;27602 kg/a;KGHM Polska Miedz S.A. (55%);Sumitomo Metal Mining Co., Ltd (31,5%);Sumitomo Corporation (13,5%);-;-;https://miningdataonline.com/property/170/Sierra-Gorda-Mine.aspx;https://www.miningnewsfeed.com/reports/annual/KGHMPolskaMiedz_AR_2018.pdf;https://kghm.com/en/investors/results-center/integrated-reports;;;;;;;;;;;
2620;Mantos de La Luna;Mantos de La Luna;decomissioned;OP;Heap leach, SX-EW;" 22°23'00""S";"70°12'34""W";Compania Mantos de La Luna ;N/A;Cu; N/A ; 25000 t/a ;-;-;-;-;-;-;-;-;-; Compañía Minera Gatico SA (100%);-;-;-;-;https://thediggings.com/mines/usgs10104603;https://www.miningnewsfeed.com/reports/annual/KGHMPolskaMiedz_AR_2018.pdf;https://www.guiaminera.cl/compania-minera-mantos-de-la-luna-s-a/;;;;;;;;;;;
2622;Mantos de La Luna;Mantos de La Luna;decomissioned;OP;Heap leach, SX-EW;" 22°22'55""S";"70°10'50""W";Compania Mantos de La Luna ;N/A;Cu; N/A ; 25000 t/a ;-;-;-;-;-;-;-;-;-; Compañía Minera Gatico SA (100%);-;-;-;-;https://thediggings.com/mines/usgs10104603;https://www.miningnewsfeed.com/reports/annual/KGHMPolskaMiedz_AR_2018.pdf;https://www.guiaminera.cl/compania-minera-mantos-de-la-luna-s-a/;;;;;;;;;;;
2650;Michilla;Michilla;Care & Maintanance, restart planned;OP->UG;Heap leach, SX-EW;" 22°44'01""S";"70°09'56""W";Haldemann Mining Company (HMC);N/A;Cu; N/A ; N/A ;-;-;-;-;-;-;-;-;-;Haldemann Mining Company (HMC);-;-;-;-;https://pilotaje.cl/minera-michilla-sitio-de-prueba/;https://thediggings.com/mines/19031;https://www.aminerals.cl/comunicaciones/noticias/2016/se-acuerda-traspaso-de-minera-michilla-a-haldeman-mining-company-sa/;;;;;;;;;;;
2651;Michilla;Michilla;Care & Maintanance, restart planned;OP->UG;Heap leach, SX-EW;" 22°41'39""S";"70°13'26""W";Haldemann Mining Company (HMC);N/A;Cu; N/A ; N/A ;-;-;-;-;-;-;-;-;-;Haldemann Mining Company (HMC);-;-;-;-;https://pilotaje.cl/minera-michilla-sitio-de-prueba/;https://thediggings.com/mines/19032;https://www.aminerals.cl/comunicaciones/noticias/2016/se-acuerda-traspaso-de-minera-michilla-a-haldeman-mining-company-sa/;;;;;;;;;;;
2652;Michilla;Michilla;Care & Maintanance, restart planned;OP->UG;Heap leach, SX-EW;" 22°42'56""S";"70°15'28""W";Haldemann Mining Company (HMC);N/A;Cu; N/A ; N/A ;-;-;-;-;-;-;-;-;-;Haldemann Mining Company (HMC);-;-;-;-;https://pilotaje.cl/minera-michilla-sitio-de-prueba/;https://thediggings.com/mines/19033;https://www.aminerals.cl/comunicaciones/noticias/2016/se-acuerda-traspaso-de-minera-michilla-a-haldeman-mining-company-sa/;;;;;;;;;;;
2653;Michilla;Michilla;Care & Maintanance, restart planned;OP->UG;Heap leach, SX-EW;" 22°43'13""S";"70°13'56""W";Haldemann Mining Company (HMC);N/A;Cu; N/A ; N/A ;-;-;-;-;-;-;-;-;-;Haldemann Mining Company (HMC);-;-;-;-;https://pilotaje.cl/minera-michilla-sitio-de-prueba/;https://thediggings.com/mines/19034;https://www.aminerals.cl/comunicaciones/noticias/2016/se-acuerda-traspaso-de-minera-michilla-a-haldeman-mining-company-sa/;;;;;;;;;;;
2657;Michilla;Michilla;Care & Maintanance, restart planned;OP->UG;Heap leach, SX-EW;" 22°43'01""S";"70°10'54""W";Haldemann Mining Company (HMC);N/A;Cu; N/A ; N/A ;-;-;-;-;-;-;-;-;-;Haldemann Mining Company (HMC);-;-;-;-;https://pilotaje.cl/minera-michilla-sitio-de-prueba/;https://thediggings.com/mines/19035;https://www.aminerals.cl/comunicaciones/noticias/2016/se-acuerda-traspaso-de-minera-michilla-a-haldeman-mining-company-sa/;;;;;;;;;;;
2658;Michilla;Michilla;Care & Maintanance, restart planned;OP->UG;Heap leach, SX-EW;" 22°42'48""S";"70°11'46""W";Haldemann Mining Company (HMC);N/A;Cu; N/A ; N/A ;-;-;-;-;-;-;-;-;-;Haldemann Mining Company (HMC);-;-;-;-;https://pilotaje.cl/minera-michilla-sitio-de-prueba/;https://thediggings.com/mines/19036;https://www.aminerals.cl/comunicaciones/noticias/2016/se-acuerda-traspaso-de-minera-michilla-a-haldeman-mining-company-sa/;;;;;;;;;;;
2659;Sierra Gorda;Sierra Gorda;operational;OP;Flotation;" 22°48'37""S";"69°23'15""W";Sierra Gorda S.C.M (operator);35,0;Cu;0,35%; 81800 t/a ;Mo;213 ppm;4082;Au;0,059 ppm;N/A;Ag; N/A ;27603 kg/a;KGHM Polska Miedz S.A. (55%);Sumitomo Metal Mining Co., Ltd (31,5%);Sumitomo Corporation (13,5%);-;-;https://miningdataonline.com/property/170/Sierra-Gorda-Mine.aspx;https://www.miningnewsfeed.com/reports/annual/KGHMPolskaMiedz_AR_2018.pdf;https://kghm.com/en/investors/results-center/integrated-reports;;;;;;;;;;;
2660;Michilla;Michilla;Care & Maintanance, restart planned;OP->UG;Heap leach, SX-EW;" 22°43'02""S";"70°10'06""W";Haldemann Mining Company (HMC);N/A;Cu; N/A ; N/A ;-;-;-;-;-;-;-;-;-;Haldemann Mining Company (HMC);-;-;-;-;https://pilotaje.cl/minera-michilla-sitio-de-prueba/;https://thediggings.com/mines/19037;https://www.aminerals.cl/comunicaciones/noticias/2016/se-acuerda-traspaso-de-minera-michilla-a-haldeman-mining-company-sa/;;;;;;;;;;;
2661;Michilla;Michilla;Care & Maintanance, restart planned;OP->UG;Heap leach, SX-EW;" 22°38'49""S";"70°14'41""W";Haldemann Mining Company (HMC);N/A;Cu; N/A ; N/A ;-;-;-;-;-;-;-;-;-;Haldemann Mining Company (HMC);-;-;-;-;https://pilotaje.cl/minera-michilla-sitio-de-prueba/;https://thediggings.com/mines/19038;https://www.aminerals.cl/comunicaciones/noticias/2016/se-acuerda-traspaso-de-minera-michilla-a-haldeman-mining-company-sa/;;;;;;;;;;;
2662;Michilla;Michilla;Care & Maintanance, restart planned;OP->UG;Heap leach, SX-EW;" 22°36'19""S";"70°10'00""W";Haldemann Mining Company (HMC);N/A;Cu; N/A ; N/A ;-;-;-;-;-;-;-;-;-;Haldemann Mining Company (HMC);-;-;-;-;https://pilotaje.cl/minera-michilla-sitio-de-prueba/;https://thediggings.com/mines/19039;https://www.aminerals.cl/comunicaciones/noticias/2016/se-acuerda-traspaso-de-minera-michilla-a-haldeman-mining-company-sa/;;;;;;;;;;;
2672;Michilla;Michilla;Care & Maintanance, restart planned;OP->UG;Heap leach, SX-EW;" 22°40'38""S";"70°14'15""W";Haldemann Mining Company (HMC);N/A;Cu; N/A ; N/A ;-;-;-;-;-;-;-;-;-;Haldemann Mining Company (HMC);-;-;-;-;https://pilotaje.cl/minera-michilla-sitio-de-prueba/;https://thediggings.com/mines/19040;https://www.aminerals.cl/comunicaciones/noticias/2016/se-acuerda-traspaso-de-minera-michilla-a-haldeman-mining-company-sa/;;;;;;;;;;;
2677;Michilla;Michilla;Care & Maintanance, restart planned;OP->UG;Heap leach, SX-EW;" 22°41'12""S";"70°10'51""W";Haldemann Mining Company (HMC);N/A;Cu; N/A ; N/A ;-;-;-;-;-;-;-;-;-;Haldemann Mining Company (HMC);-;-;-;-;https://pilotaje.cl/minera-michilla-sitio-de-prueba/;https://thediggings.com/mines/19041;https://www.aminerals.cl/comunicaciones/noticias/2016/se-acuerda-traspaso-de-minera-michilla-a-haldeman-mining-company-sa/;;;;;;;;;;;
2683;Spence;Spence;operational;OP;Heap leach, SX-EW;22.81°S;69.27°W;Minera Spence S. A.;20,0;Cu; N/A ; 200000  t/a ;-;-;-;-; - ;-;-; - ;-;BHP Group Ltd. (100%);-;-;-;-;https://miningdataonline.com/property/169/Spence-Mine.aspx;;;;;;;;;;;;;
2684;Michilla;Michilla;Care & Maintanance, restart planned;OP->UG;Heap leach, SX-EW;" 22°39'34""S";"70°07'08""W";Haldemann Mining Company (HMC);N/A;Cu; N/A ; N/A ;-;-;-;-;-;-;-;-;-;Haldemann Mining Company (HMC);-;-;-;-;https://pilotaje.cl/minera-michilla-sitio-de-prueba/;https://thediggings.com/mines/19042;https://www.aminerals.cl/comunicaciones/noticias/2016/se-acuerda-traspaso-de-minera-michilla-a-haldeman-mining-company-sa/;;;;;;;;;;;
2685;Michilla;Michilla;Care & Maintanance, restart planned;OP->UG;Heap leach, SX-EW;" 22°39'52""S";"70°11'11""W";Haldemann Mining Company (HMC);N/A;Cu; N/A ; N/A ;-;-;-;-;-;-;-;-;-;Haldemann Mining Company (HMC);-;-;-;-;https://pilotaje.cl/minera-michilla-sitio-de-prueba/;https://thediggings.com/mines/19043;https://www.aminerals.cl/comunicaciones/noticias/2016/se-acuerda-traspaso-de-minera-michilla-a-haldeman-mining-company-sa/;;;;;;;;;;;
2705;Antucoya;Antucoya;operational;OP;Flotation, heap leach, SX-EW;" 22°37'52.89""S";" 69°52'31.55""W";Antofagasta Minerals;22,0;Cu;0,38%; 79300 t/a ;-;-;-;-;-;-;-; - ;-;Antofagasta PLC (70%);Marubeni Corp. (30%);-;-;-;https://www.annualreports.com/HostedData/AnnualReports/PDF/LSE_ANTO_2020.pdf;;;;;;;;;;;;;
2788;Michilla;Michilla;Care & Maintanance, restart planned;OP->UG;Heap leach, SX-EW;" 22°45'35""S";"70°13'10""W";Haldemann Mining Company (HMC);N/A;Cu; N/A ; N/A ;-;-;-;-;-;-;-;-;-;Haldemann Mining Company (HMC);-;-;-;-;https://pilotaje.cl/minera-michilla-sitio-de-prueba/;https://thediggings.com/mines/19044;https://www.aminerals.cl/comunicaciones/noticias/2016/se-acuerda-traspaso-de-minera-michilla-a-haldeman-mining-company-sa/;;;;;;;;;;;
2789;Michilla;Michilla;Care & Maintanance, restart planned;OP->UG;Heap leach, SX-EW;" 22°45'17""S";"70°13'19""W";Haldemann Mining Company (HMC);N/A;Cu; N/A ; N/A ;-;-;-;-;-;-;-;-;-;Haldemann Mining Company (HMC);-;-;-;-;https://pilotaje.cl/minera-michilla-sitio-de-prueba/;https://thediggings.com/mines/19045;https://www.aminerals.cl/comunicaciones/noticias/2016/se-acuerda-traspaso-de-minera-michilla-a-haldeman-mining-company-sa/;;;;;;;;;;;
2798;Michilla;Michilla;Care & Maintanance, restart planned;OP->UG;Heap leach, SX-EW;" 22°44'37""S";"70°14'05""W";Haldemann Mining Company (HMC);N/A;Cu; N/A ; N/A ;-;-;-;-;-;-;-;-;-;Haldemann Mining Company (HMC);-;-;-;-;https://pilotaje.cl/minera-michilla-sitio-de-prueba/;https://thediggings.com/mines/19046;https://www.aminerals.cl/comunicaciones/noticias/2016/se-acuerda-traspaso-de-minera-michilla-a-haldeman-mining-company-sa/;;;;;;;;;;;
2800;Sierra Gorda;Sierra Gorda;operational;OP;Flotation;22° 85' S;69° 34' W;Sierra Gorda S.C.M (operator);35,0;Cu;0,35%; 81800 t/a ;Mo;213 ppm;4082;Au;0,059 ppm;N/A;Ag; N/A ;27604 kg/a;KGHM Polska Miedz S.A. (55%);Sumitomo Metal Mining Co., Ltd (31,5%);Sumitomo Corporation (13,5%);-;-;https://miningdataonline.com/property/170/Sierra-Gorda-Mine.aspx;https://www.miningnewsfeed.com/reports/annual/KGHMPolskaMiedz_AR_2018.pdf;https://kghm.com/en/investors/results-center/integrated-reports;;;;;;;;;;;
2888;Chuquicamata & Radomiro Tomic;Chuquicamata;operational;OP;Flotation, heap leach, SX-EW;22.31°S;68.92°W;Codelco Corp. (operator);50,0;Cu;0,68%; 320744 t/a ;Mo; N/A ;12172;Au;0,04 ppm;1410 kg/a;Ag; N/A ;261959 kg/a;Codelco Corp. (100%);-;-;-;-;https://miningdataonline.com/property/405/Chuquicamata-Mine.aspx;;;;;;;;;;;;;
2928;El Abra;El Abra;operational;OP;Flotation, heap leach, SX-EW;21.92°S;68.83°W;Sociedad Contractual Minera El Abra (operator);30,0;Cu;0,42%; 40000 t/a ;Mo;100 ppm;N/A;Au;0,02 ppm;N/A;Ag; 1,3 ppm ;N/A;Freeport-McMoRan Inc. (51%);Codelco Corp. (49%);-;-;-;https://miningdataonline.com/property/158/El-Abra-Mine.aspx;https://miningdataonline.com/property/239/Antucoya-Mine.aspx;;;;;;;;;;;;
2929;El Abra;El Abra;operational;OP;Flotation, heap leach, SX-EW;21.92°S;68.83°W;Sociedad Contractual Minera El Abra (operator);30,0;Cu;0,42%; 40000 t/a ;Mo;100 ppm;N/A;Au;0,02 ppm;N/A;Ag; 1,3 ppm ;N/A;Freeport-McMoRan Inc. (51%);Codelco Corp. (49%);-;-;-;https://miningdataonline.com/property/158/El-Abra-Mine.aspx;http://www.andeangeology.cl/index.php/revista1/article/view/V48n1-3294/pdf;;;;;;;;;;;;
2946;El Abra;El Abra;operational;OP;Flotation, heap leach, SX-EW;21.92°S;68.83°W;Sociedad Contractual Minera El Abra (operator);30,0;Cu;0,42%; 40000 t/a ;Mo;100 ppm;N/A;Au;0,02 ppm;N/A;Ag; 1,3 ppm ;N/A;Freeport-McMoRan Inc. (51%);Codelco Corp. (49%);-;-;-;https://miningdataonline.com/property/158/El-Abra-Mine.aspx;https://minedocs.com/20/Codelco-Corp-AR-2019.pdf;;;;;;;;;;;;
2951;El Abra;El Abra;operational;OP;Flotation, heap leach, SX-EW;21.92°S;68.83°W;Sociedad Contractual Minera El Abra (operator);30,0;Cu;0,42%; 40000 t/a ;Mo;100 ppm;N/A;Au;0,02 ppm;N/A;Ag; 1,3 ppm ;N/A;Freeport-McMoRan Inc. (51%);Codelco Corp. (49%);-;-;-;https://miningdataonline.com/property/158/El-Abra-Mine.aspx;https://minedocs.com/20/Codelco-Corp-AR-2019.pdf;;;;;;;;;;;;
2997;El Abra;El Abra;operational;OP;Flotation, heap leach, SX-EW;21.92°S;68.83°W;Sociedad Contractual Minera El Abra (operator);30,0;Cu;0,42%; 40000 t/a ;Mo;100 ppm;N/A;Au;0,02 ppm;N/A;Ag; 1,3 ppm ;N/A;Freeport-McMoRan Inc. (51%);Codelco Corp. (49%);-;-;-;https://miningdataonline.com/property/158/El-Abra-Mine.aspx;https://minedocs.com/20/Codelco-Corp-AR-2019.pdf;;;;;;;;;;;;
3188;Collahausi;Collahausi;operational;OP;Flotation, heap leach, SX-EW;20° 59' 34'' S;68° 38' 13'' W;Compania Minera Dona Ines de Collahausi SCM (operator);72,0;Cu;0,79%; 629100 t/a ;Mo; N/A ;5000t/a;Au;N/A;2835 kg/a;Ag; - ;226800 kg/a;Anglo American plc. (44%);Glencore plc. (44%);Mitsui & Co, Ltd. (12%);-;-;https://miningdataonline.com/property/1383/Collahuasi-Mine.aspx;https://minedocs.com/20/Codelco-Corp-AR-2019.pdf;;;;;;;;;;;;
3204;Quebrada Blanca;Quebrada Blanca;operational (commissioning of Phase 2);OP;Heap leach, SX-EW;21° 00' 14'' S;68° 48' 16'' W;Teck (operator);51,8;Cu;0,51%; 286000 t/a ;Mo;0,02%;6500;-;-;-;Ag;1.4 ppm;1900 kg/a;Tech Resources (60%);Sumitomo Metal Mining Co. (30%);ENAMI (10%);;;https://www.miningnewsfeed.com/reports/Quebrada_Blanca_Phase_2_Technical_Report_01012019.pdf;https://www.teck.com/operaciones-es/chile-es/operaciones-es/quebrada-blanca-es/;https://miningdataonline.com/property/167/Quebrada-Blanca-Mine.aspx;;;;;;;;;;;
3215;Collahausi;Collahausi;operational;OP;Flotation, heap leach, SX-EW;20° 59' 34'' S;68° 38' 13'' W;Compania Minera Dona Ines de Collahausi SCM (operator);72,0;Cu;0,79%; 629100 t/a ;Mo; N/A ;5000t/a;Au;N/A;2836 kg/a;Ag; - ;226800 kg/a;Anglo American plc. (44%);Glencore plc. (44%);Mitsui & Co, Ltd. (12%);-;-;https://miningdataonline.com/property/1383/Collahuasi-Mine.aspx;;;;;;;;;;;;;
3217;Collahausi;Collahausi;operational;OP;Flotation, heap leach, SX-EW;20° 59' 34'' S;68° 38' 13'' W;Compania Minera Dona Ines de Collahausi SCM (operator);72,0;Cu;0,79%; 629100 t/a ;Mo; N/A ;5000t/a;Au;N/A;2837 kg/a;Ag; - ;226800 kg/a;Anglo American plc. (44%);Glencore plc. (44%);Mitsui & Co, Ltd. (12%);-;-;https://miningdataonline.com/property/1383/Collahuasi-Mine.aspx;https://www.angloamerican.com/~/media/Files/A/Anglo-American-Group/PLC/media/presentations/2018pres/collahuasi-site-visit-presentation.pdf;;;;;;;;;;;;
3218;Collahausi;Collahausi;operational;OP;Flotation, heap leach, SX-EW;20° 59' 34'' S;68° 38' 13'' W;Compania Minera Dona Ines de Collahausi SCM (operator);72,0;Cu;0,79%; 629100 t/a ;Mo; N/A ;5000t/a;Au;N/A;2838 kg/a;Ag; - ;226800 kg/a;Anglo American plc. (44%);Glencore plc. (44%);Mitsui & Co, Ltd. (12%);-;-;https://miningdataonline.com/property/1383/Collahuasi-Mine.aspx;https://www.angloamerican.com/~/media/Files/A/Anglo-American-Group/PLC/media/presentations/2018pres/collahuasi-site-visit-presentation.pdf;;;;;;;;;;;;
3230;Cerro Colorado;Cerro Colorado;operational;OP;Flotation, heap leach, SX-EW;20.05°S;69.26°W;Compania Minera Cerro Colorado Ltd. ;N/A;Cu;0,90%; 63000 t/a ;-;-;-;Au;0,1 ppm;N/A;-; - ;-;BHP Group Ltd. (100%);-;-;-;-;https://miningdataonline.com/property/156/Cerro-Colorado-Mine.aspx;https://www.angloamerican.com/~/media/Files/A/Anglo-American-Group/PLC/media/presentations/2018pres/collahuasi-site-visit-presentation.pdf;;;;;;;;;;;;
3784;Ministro Hales;Ministro Hales;operational;OP;Flotation;22.41°S;68.91°W;Codelco Corp. (operator);30,0;Cu;0,34%; 195485 t/a ;-;-;-;-;-;-;Ag; N/A ;143780 kg/a;Codelco Corp. (100%);-;-;-;-;https://www.codelco.com/memoria2018/site/docs/20190408/20190408190123/codelco_annual_report_2018.pdf;https://www.angloamerican.com/~/media/Files/A/Anglo-American-Group/PLC/media/presentations/2018pres/collahuasi-site-visit-presentation.pdf;;;;;;;;;;;;
;;;;;;;;;;;;;;;;;;;;;;;;;;;;;;;;;;;;;;;;
;;;;;;;;;;;;;;;;;;;;;;;;;;;;;;;;;;;;;;;;http://www.andeangeology.cl/index.php/revista1/article/view/V48n1-3294/pdf
